<?xml version="1.0" encoding="UTF-8"?>
<project-private xmlns="http://www.netbeans.org/ns/project-private/1">
    <editor-bookmarks xmlns="http://www.netbeans.org/ns/editor-bookmarks/2" lastBookmarkId="0"/>
    <open-files xmlns="http://www.netbeans.org/ns/projectui-open-files/2">
        <group>
            <file>file:/C:/Users/stu852511/Desktop/TourParser/src/tourparser.py</file>
            <file>file:/C:/Users/stu852511/Desktop/TourParser/src/locations.js</file>
            <file>file:/C:/Users/stu852511/Desktop/TourParser/src/arrows.csv</file>
            <file>file:/C:/Users/stu852511/Desktop/TourParser/src/menu_lists.js</file>
            <file>file:/C:/Users/stu852511/Desktop/TourParser/src/arrows.js</file>
        </group>
    </open-files>
</project-private>
